feature,importance_mean,importance_std
age,0.22368501641372052,0.018626975658078453
products_number,0.1857532437963431,0.011098781594400874
country_Germany,0.07490859745695563,0.008654782998262901
active_member,0.06894018219198335,0.013398425798221416
balance,0.04425252906580285,0.013504070421948396
gender_Male,0.009352739126253794,0.0054495473194445445
tenure,0.008400252251418971,0.005443452271006046
credit_score,0.007869485316925473,0.006440909604718507
estimated_salary,0.004306756906365483,0.006966398410036201
credit_card,-0.0005992635703742754,0.00223827103437712
country_Spain,-0.0012385269804417232,0.00268904389288332
