Model,Threshold,Accuracy,Precision,Recall,F1 Score
Optimized Random Forest,0.3,0.689,0.38173817381738173,0.8525798525798526,0.5273556231003039
Optimized Random Forest,0.35,0.737,0.42458808618504434,0.8230958230958231,0.560200668896321
Optimized Random Forest,0.4,0.779,0.47391952309985097,0.7813267813267813,0.5899814471243042
Optimized Random Forest,0.45,0.8095,0.5223367697594502,0.7469287469287469,0.6147623862487361
Optimized Random Forest,0.5,0.833,0.5743380855397149,0.6928746928746928,0.6280623608017817
Optimized Random Forest,0.55,0.85,0.6314496314496314,0.6314496314496314,0.6314496314496314
Optimized Random Forest,0.6,0.856,0.6676056338028169,0.5823095823095823,0.6220472440944882
Optimized Random Forest,0.65,0.86,0.7123745819397993,0.5233415233415234,0.603399433427762
Optimized Random Forest,0.7,0.863,0.7607843137254902,0.47665847665847666,0.5861027190332326
Optimized HistGradientBoosting,0.3,0.8415,0.6022727272727273,0.6511056511056511,0.6257378984651711
Optimized HistGradientBoosting,0.35,0.855,0.648854961832061,0.6265356265356266,0.6375
Optimized HistGradientBoosting,0.4,0.8625,0.6929824561403509,0.5823095823095823,0.6328437917222964
Optimized HistGradientBoosting,0.45,0.864,0.7213114754098361,0.5405405405405406,0.6179775280898876
Optimized HistGradientBoosting,0.5,0.8675,0.7709923664122137,0.4963144963144963,0.6038863976083707
Optimized HistGradientBoosting,0.55,0.867,0.827906976744186,0.43734643734643736,0.572347266881029
Optimized HistGradientBoosting,0.6,0.8635,0.8563829787234043,0.3955773955773956,0.5411764705882353
Optimized HistGradientBoosting,0.65,0.8635,0.8850574712643678,0.3783783783783784,0.5301204819277109
Optimized HistGradientBoosting,0.7,0.8555,0.8986486486486487,0.32678132678132676,0.47927927927927927
